"gamma i of the SFR fission products (solid ONLY) calculated with EFR",,,,,,,,,,,,,,,,,,,,,
"PF","U238","U236","U235","U234","U233","th232","pu242","pu241","pu240","pu239","pu238","np238","np237","cm245","cm244","cm243","am243","am242m","am241",,
"Ag109",0.0009390361,0.000606548,0.0002520209,0.0002864878,0.0004293465,0.0003035309,0.01616093,0.01241158,0.009660605,0.00817236,0.002409962,0.002296294,0.001844003,0.0307843,0.02570609,0.02456304,0.02448093,0.01886701,0.01296664,,0.000000000165453239208052
"Ag111",0.000004540929,0.000007292513,0.000001864082,0.000006373402,0.000004430511,0.0000047191,0.00007876526,0.0000471354,0.0000364307,0.00002917872,0.000007844184,0.00001527447,0.00001230419,0.0008081353,0.000418981,0.0004204125,0.0002641831,0.0001707604,0.0000706834,,
"As75",0.000004026208,0.00001301106,0.000007583331,0.00002380784,0.00002496581,0.00001855876,0.00001147679,0.00001155699,0.000007876337,0.00001863471,0.00001260917,0.00001227878,0.00002298219,0.00001120692,0.00001027864,0.00001022007,0.000009723916,0.00001006342,0.00002712056,,
"Ba134",0.000397883,0.0002114988,0.0004415853,0.0002423502,0.0003515933,0.0002758448,0.0003896757,0.0004209834,0.0004066289,0.0004195357,0.0004507772,0.0001787567,0.0002148885,0.00007205464,0.0001009122,0.00009010548,0.000171449,0.0001911909,0.0003406778,,
"Ba135",0.000004888861,0.000002107854,0.000005561605,0.000002438337,0.000004499628,0.000003400253,0.000004786598,0.000005283638,0.000004991366,0.0000052626,0.000006325484,0.000001771776,0.000002145668,0.0000005738274,0.000001183235,0.000002828866,0.000001706329,0.000001994858,0.000004656059,,
"Ba136",0.0008436748,0.0005755284,0.0009456715,0.001025508,0.00165596,0.000701546,0.0008830652,0.001058181,0.00121674,0.001661864,0.002842844,0.0009220787,0.0009437485,0.0008315275,0.001652539,0.003155447,0.0008173318,0.001289846,0.002418796,,
"Ba137",0.0009875083,0.0007004794,0.001036216,0.0007023753,0.001081285,0.001036827,0.0009832171,0.001094306,0.001062414,0.00103675,0.001168736,0.0006647702,0.000714122,0.0004347576,0.0005713935,0.0005833075,0.000709045,0.0007404724,0.001048138,,
"Ba138",0.0357163,0.03899853,0.03888364,0.0358674,0.03925743,0.03800077,0.03643335,0.03745805,0.03869851,0.03414851,0.03703191,0.03380817,0.03811643,0.03594946,0.03747404,0.03817876,0.03524145,0.0359344,0.04026024,,
"Ba140",0.0007381694,0.001210816,0.0005759278,0.001362023,0.0007368004,0.0009663766,0.0006909854,0.000556719,0.0007001396,0.0006503458,0.0005629,0.001300142,0.001322766,0.002112203,0.001745818,0.002054774,0.001236326,0.001141909,0.000600794,,
"Br79",0,0,0,0,0,0,0,0,0,0,0,0,0,0,0,0,0,0,0,,
"Br81",0,0,0,0,0,0,0,0,0,0,0,0,0,0,0,0,0,0,0,,
"Cd110",0.00007711634,0.0000351285,0.00002273136,0.00001664972,0.00003693318,0.00002570122,0.001350095,0.001101489,0.0007972848,0.0006867153,0.0002126066,0.0001305858,0.0001051226,0.00108947,0.001118639,0.00088247,0.00139457,0.001113792,0.001082326,,
"Cd111",0.0003475796,0.0003123593,0.0001789814,0.0002724618,0.0003528336,0.0003584034,0.006039985,0.00427299,0.002710677,0.002264835,0.0007105561,0.0006381171,0.0005154101,0.01855279,0.01217359,0.009713448,0.01096371,0.007574623,0.005421022,,
"Cd112",0.000287155,0.0003549008,0.0001670744,0.000309494,0.000395466,0.0004351448,0.004309052,0.003029057,0.001549346,0.001018981,0.0005150288,0.0004343796,0.0004029648,0.01461934,0.008300934,0.00631293,0.008317235,0.005475265,0.00472506,,
"Cd113",0.0001812191,0.000357472,0.0001947062,0.0002971991,0.0002344477,0.0002628671,0.002206502,0.001224849,0.0009084653,0.000758894,0.0003066607,0.0002599689,0.0002638798,0.009528257,0.004996236,0.003722501,0.00511966,0.003087862,0.002548466,,
"Cd114",0.0002082864,0.0004062911,0.0001895845,0.0003176243,0.000495312,0.0005510224,0.001344966,0.0007432003,0.0005998905,0.000608883,0.0002437758,0.0001962243,0.0002651402,0.006619543,0.003500875,0.002613465,0.003406185,0.001954005,0.001627743,,
"Cd115m",0.000001882413,0.000005263165,0.000001121448,0.000003549547,0.000002790977,0.000003694111,0.000007315448,0.000003778026,0.000003483543,0.000003716524,0.000001366913,0.000001930096,0.000003046227,0.00007914031,0.00003478569,0.00002951789,0.00002781251,0.00001443665,0.000008422545,,
"Cd116",0.0001835322,0.0004597325,0.0002112509,0.0003143747,0.0003541632,0.0004071688,0.0004040635,0.0002664471,0.0002922596,0.0003724058,0.0001661674,0.0001275141,0.0002825852,0.002867621,0.001434028,0.001005275,0.001186221,0.0006665569,0.0006693432,,
"Ce140",0.03458105,0.03104332,0.03432792,0.0349652,0.03642847,0.04534746,0.03242399,0.03106759,0.03175271,0.03090969,0.03164935,0.03227885,0.03298265,0.02812992,0.03002955,0.0282841,0.03061537,0.03036547,0.02854443,,
"Ce141",0.001797642,0.002862323,0.001433397,0.003406694,0.001988265,0.002282207,0.001662424,0.001213585,0.001566347,0.001538704,0.001392619,0.003195019,0.002752199,0.004830094,0.004639623,0.004862147,0.002886619,0.002677777,0.001479585,,
"Ce142",0.02748729,0.03207275,0.03291707,0.03555933,0.03845719,0.03822417,0.02700652,0.0271355,0.02735708,0.02910433,0.02808654,0.02872263,0.02877685,0.0264884,0.02879439,0.02723549,0.02602044,0.02620266,0.02409879,,
"Ce143",0.00006141439,0.0001161685,0.00005790748,0.0001290059,0.00007025069,0.00008702996,0.0000607179,0.00005144187,0.00005925369,0.0000574746,0.00004881658,0.0001044958,0.0001147046,0.0001865946,0.0001521883,0.0001827561,0.0001029498,0.00009775371,0.00005176975,,
"Ce144",0.01093719,0.01733969,0.01130105,0.01433836,0.01104426,0.01845941,0.01032392,0.009452309,0.009114254,0.008596136,0.008894367,0.01171149,0.01300812,0.01551574,0.01435598,0.01428703,0.01252622,0.01223798,0.008348005,,
"Cs133",0.03477444,0.03332592,0.03449466,0.03810851,0.02962114,0.02404466,0.03407981,0.03365133,0.03615331,0.03628719,0.03547755,0.02903582,0.03461216,0.02624349,0.02520914,0.02918645,0.02781552,0.02924805,0.029389,,
"Cs134",0.001436905,0.001014018,0.001525625,0.001161282,0.001251124,0.0009955002,0.001407983,0.00146644,0.001478702,0.001508851,0.001561282,0.00086875,0.001040255,0.0005202134,0.000608001,0.0006350967,0.0008325642,0.0009061539,0.001225585,,
"Cs135",0.01945479,0.01868578,0.01885749,0.02382609,0.01786298,0.01616495,0.01992846,0.02123665,0.02265585,0.02206845,0.02323322,0.0266113,0.02295885,0.01827239,0.01849963,0.02083894,0.02052929,0.02172969,0.02064951,,
"Cs136",0.00003766509,0.00003644016,0.00003769957,0.00005810271,0.00005271861,0.00003129466,0.00003900604,0.0000426746,0.00004943777,0.00005796063,0.000077984,0.00005670784,0.00005492219,0.00007299767,0.0001094937,0.0002505493,0.00004817582,0.00006594336,0.00007340962,,
"Cs137",0.03613457,0.03694493,0.03501958,0.03674376,0.03802529,0.03794979,0.03597891,0.0375953,0.03917921,0.03715003,0.03829651,0.03559681,0.03798448,0.03676592,0.03758445,0.03971336,0.03792842,0.03766306,0.03659597,,
"Dy160",0.000005423704,0.000001119081,0.000002288501,0.0000005033135,0.000001400104,0.00000006156024,0.00003164779,0.00002320563,0.00002100433,0.00001947339,0.00000717209,0.000004353782,0.000005449293,0.00002656788,0.00003854021,0.00002700804,0.00002698553,0.00002080935,0.00005773042,,
"Dy161",0.000006935065,0.000002244921,0.000001920799,0.0000009374052,0.000002793545,0.00000003937204,0.00009370204,0.00006181202,0.00006565174,0.00003912227,0.0000129456,0.00001402593,0.00001578963,0.0002500784,0.0002276699,0.0001276638,0.0001320078,0.00008758368,0.0001997825,,
"Dy162",0.000004248956,0.000001151229,0.0000008893922,0.0000004396299,0.000001320185,0.00000001443061,0.00007268933,0.00004733574,0.00006457834,0.00002696941,0.000008498395,0.000008451124,0.000009079105,0.0001826126,0.0001647906,0.00008723424,0.00009766025,0.00006285953,0.0001549592,,
"Dy163",0.000001421933,0.0000003445061,0.0000001874621,0.0000001153028,0.0000002509864,0.000000002154403,0.00003186726,0.00001960901,0.00003519517,0.00001022579,0.000002894241,0.000003150821,0.000003175991,0.0001017106,0.00008595095,0.00004509865,0.00004769524,0.00002913873,0.00006719249,,
"Dy164",0.0000007355814,0.0000001446199,0.00000006939996,0.00000004342158,0.00000007951633,0.0000000005713888,0.0000205645,0.00001227515,0.00002499311,0.000005865282,0.000001547362,0.000001587095,0.000001516339,0.00006647204,0.00005474704,0.00002745896,0.00003040368,0.00001790055,0.00004291558,,
"Er164",3.210777E-021,1.002307E-017,4.738398E-020,1.133992E-017,0.000000000004179417,1.936985E-020,0.000000000001609972,0.00000000001045086,0.0000000002070444,0.0000000003512278,0.0000000005416077,0.000000000001412339,0.00000000001278766,0.00000000525907,0.00000002416844,0.00000005753106,0.0000000002884021,0.00000000123122,0.00000001588404,,
"Er166",0.0000001185482,0.00000001643005,0.000000005022996,0.000000003867013,0.000000004661054,0.00000000002236718,0.00000552329,0.000002995703,0.000007275983,0.000001204724,0.0000002657625,0.0000002751653,0.0000002329911,0.00002271725,0.00001706569,0.000008087713,0.000008926098,0.000004798654,0.00001132169,,
"Er167",0.0000000374167,0.000000004431618,0.0000000009985556,0.0000000009102255,0.0000000007426876,0.000000000002817472,0.000002334194,0.000001187868,0.000003060687,0.0000004370239,0.00000008645617,0.0000000947938,0.00000007497034,0.00001191055,0.000008379986,0.000003899574,0.000004138236,0.000002106853,0.000004742249,,
"Er168",0.00000001781706,0.000000001665438,0.0000000003353703,0.0000000003051497,0.0000000002628722,0.0000000000005114588,0.000001444492,0.0000007099547,0.000001841872,0.0000002373032,0.00000004355031,0.00000004392524,0.00000003275929,0.000007327962,0.000005030424,0.000002218061,0.000002499991,0.000001222644,0.000002912331,,
"Er170",0.000000001421248,0.00000000009475732,0.000000000008613416,0.0000000000126417,0.000000000003958771,2.590795E-020,0.0000002422523,0.0000001032147,0.000000238432,0.00000002783763,0.000000003928708,0.000000004490969,0.00000000286507,0.0000018899,0.000001132523,0.0000004660411,0.0000005047664,0.0000002186328,0.0000004785623,,
"Eu151",0.00002690142,0.00002018482,0.00001561466,0.000009705714,0.000009166817,0.00001219312,0.00003299204,0.00003186511,0.00002629736,0.00002682597,0.0000208607,0.00001712717,0.00001818843,0.00001931281,0.00001920182,0.00001547368,0.00002531877,0.00002425189,0.00003184826,,
"Eu152",0.000006813897,0.000003967572,0.000004123603,0.00000190519,0.000003337876,0.000004370468,0.000008367797,0.000008366058,0.000006625982,0.000006822745,0.000005466887,0.000003324367,0.000003539907,0.000002618389,0.00000307614,0.000002278614,0.000004916862,0.000004814249,0.000008078062,,
"Eu153",0.001858049,0.001558461,0.000812597,0.0006366661,0.0006083373,0.001077305,0.002437665,0.001998723,0.00247955,0.001845822,0.001356543,0.001539585,0.001534321,0.003832007,0.003344469,0.002850867,0.003105351,0.002721787,0.003158458,,
"Eu154",0.0003791922,0.0002293489,0.0001767499,0.00009362794,0.0001235241,0.0002162049,0.0004969364,0.0004297618,0.0005030996,0.0003775284,0.000293598,0.0002233721,0.0002231185,0.0003628512,0.0003860831,0.0002873252,0.0004514358,0.0004094875,0.0006499405,,
"Eu155",0.0006411129,0.0003695501,0.000248683,0.0001668988,0.0001680766,0.0001111529,0.001299393,0.0008514884,0.001164623,0.0008581377,0.0005210876,0.0005765737,0.0006879327,0.002213957,0.00266807,0.0015385,0.001620395,0.001333963,0.00197835,,
"Eu156",0.00001413196,0.00001033306,0.00000388122,0.000005011222,0.000004765639,0.00000191356,0.00003608966,0.00002064658,0.00003396135,0.00002482248,0.00001123814,0.00002143691,0.00002915246,0.0001630148,0.0001370764,0.0001082329,0.00007128037,0.00005408601,0.00005260604,,
"Eu157",0.0000002069005,0.0000001505636,0.0000000577948,0.00000007200709,0.00000006926147,0.000000005447704,0.0000007424432,0.0000004157002,0.0000008255375,0.0000006399754,0.0000001740813,0.0000004080994,0.0000005495763,0.000004441508,0.000003537045,0.000002747335,0.000001697368,0.000001221216,0.000001110973,,
"Gd152",0.00000006101618,0.00000002826758,0.00000003799454,0.00000001358949,0.00000003138987,0.0000000402571,0.00000007498042,0.00000007682069,0.0000000591996,0.00000006218722,0.00000005555328,0.00000002344862,0.00000002509578,0.00000001481668,0.00000002925911,0.00000008438279,0.00000003483156,0.00000003568503,0.00000008479525,,
"Gd154",0.00002456934,0.00001121947,0.0000119051,0.000004602551,0.000008253728,0.000014039,0.00003216447,0.00002879886,0.0000325965,0.00002516389,0.0000217498,0.00001081596,0.00001089799,0.00001351087,0.00002201103,0.00002934283,0.00002208667,0.00002132252,0.00004875055,,
"Gd155",0.00009357516,0.00003843916,0.00003867354,0.00001741141,0.00001975885,0.00001179068,0.0001926946,0.000132511,0.0001704971,0.0001274312,0.00008101913,0.00005955198,0.00007147996,0.0001466073,0.0002149028,0.0001031041,0.0001679827,0.0001430768,0.0002950589,,
"Gd156",0.0004572949,0.0001986478,0.00014165,0.00009691843,0.0001504765,0.00004526732,0.00120768,0.0007867218,0.001107182,0.000840377,0.0004186075,0.0004080339,0.00056032,0.00173783,0.00184662,0.00116227,0.001363726,0.001098262,0.001754342,,
"Gd157",0.0001913739,0.00007908817,0.00006610376,0.00003793493,0.00001933104,0.000002107939,0.0006671545,0.000439491,0.0007081126,0.0005702846,0.0001889049,0.0002041518,0.0002762946,0.001233478,0.001237149,0.0007842212,0.0008350694,0.0006429958,0.001001253,,
"Gd158",0.0001301824,0.00004436481,0.00004982776,0.00002068252,0.00008555492,0.000006600443,0.0005621592,0.0003848764,0.0005007435,0.000413381,0.0001384783,0.0001367704,0.0001786826,0.0009756782,0.0009906437,0.0005914595,0.0006675223,0.0005006575,0.0008724364,,
"Gd160",0.00001882573,0.000005945269,0.000005902585,0.000002559012,0.000006450221,0.0000001325598,0.0001702444,0.0001151032,0.0001170334,0.00008378807,0.00002716264,0.00002994314,0.00003528623,0.0004003415,0.0003745351,0.0002078516,0.000229291,0.000157405,0.0003178056,,
"Ge72",0.0000003491926,0.0000008007755,0.0000003317888,0.000001510621,0.000001269593,0.000001033162,0.000001429052,0.000001336422,0.0000006811046,0.000002037787,0.000001193581,0.000001136579,0.00000207165,0.000001785616,0.000001526805,0.000001412954,0.000001346675,0.000001300567,0.000003813239,,
"Ge73",0.0000008179155,0.000002115527,0.0000009883388,0.00000396605,0.000003616004,0.000002995125,0.000002925783,0.000002806639,0.000001588233,0.000004377796,0.000002700556,0.000002595488,0.000004782869,0.000003361575,0.000002944756,0.000002796919,0.000002661185,0.000002634181,0.000007495248,,
"Ge74",0.000001925715,0.000005511572,0.000002927979,0.00001022916,0.0000101665,0.000008205828,0.000006111943,0.000006022181,0.000003740627,0.000009546445,0.000006191794,0.00000590316,0.00001097536,0.000006315291,0.000005686073,0.000005508446,0.000005295661,0.000005368995,0.00001503912,,
"Ge76",0.000008817338,0.0000311635,0.00002040888,0.00005601343,0.00006301167,0.00003956514,0.0000229263,0.00002371844,0.00001745693,0.00003851409,0.00002717716,0.0000261662,0.0000492149,0.00002020362,0.00001901046,0.00001919901,0.00001850058,0.00001954998,0.0000520267,,
"Ho165",0.0000002276555,0.00000003966364,0.00000001303073,0.00000001035549,0.0000000152512,0.00000000008777381,0.000008484203,0.000004733217,0.00001103405,0.000002077492,0.0000004882901,0.0000005528591,0.0000004936131,0.00003549852,0.00002726212,0.0000135817,0.00001412617,0.000007872779,0.00001753486,,
"I127",0,0,0,0,0,0,0,0,0,0,0,0,0,0,0,0,0,0,0,,
"I129",0,0,0,0,0,0,0,0,0,0,0,0,0,0,0,0,0,0,0,,
"I131",0,0,0,0,0,0,0,0,0,0,0,0,0,0,0,0,0,0,0,,
"I135",0,0,0,0,0,0,0,0,0,0,0,0,0,0,0,0,0,0,0,,
"In113",0.000001929887,0.000003927011,0.000002099115,0.000003263064,0.000003846026,0.000004278776,0.00002330318,0.00001270701,0.000009661913,0.000008133445,0.000003248752,0.000002827651,0.000002876503,0.0001085236,0.00005923615,0.00004169377,0.0000557253,0.00003346978,0.00002697447,,
"In115",0.0002094027,0.000410169,0.0001494498,0.0003000879,0.0003314536,0.000375013,0.0006793131,0.0004078994,0.0003631674,0.0004353703,0.0001786673,0.0001430019,0.0002478451,0.004247839,0.002182976,0.001573936,0.001885027,0.001065988,0.0008959264,,
"Kr80",0,0,0,0,0,0,0,0,0,0,0,0,0,0,0,0,0,0,0,,
"Kr82",0,0,0,0,0,0,0,0,0,0,0,0,0,0,0,0,0,0,0,,
"Kr83",0,0,0,0,0,0,0,0,0,0,0,0,0,0,0,0,0,0,0,,
"Kr84",0,0,0,0,0,0,0,0,0,0,0,0,0,0,0,0,0,0,0,,
"Kr85",0,0,0,0,0,0,0,0,0,0,0,0,0,0,0,0,0,0,0,,
"Kr86",0,0,0,0,0,0,0,0,0,0,0,0,0,0,0,0,0,0,0,,
"La139",0.0346864,0.03871523,0.03759053,0.036243,0.03821296,0.04407516,0.03502634,0.03660394,0.03542933,0.03179984,0.03433069,0.0336014,0.0343808,0.03287478,0.03407471,0.03399182,0.03345486,0.03401742,0.03965583,,
"La140",0.00009790244,0.0001602326,0.00007659639,0.0001803197,0.00009827747,0.0001281685,0.00009169681,0.00007405457,0.00009300141,0.00008660759,0.0000757453,0.0001719355,0.0001750797,0.0002797513,0.0002331057,0.000279411,0.0001636436,0.0001516095,0.00008081974,,
"Mo100",0.0387999,0.03262312,0.03871089,0.03567737,0.02689814,0.009815218,0.03516873,0.03599215,0.03920219,0.03999324,0.0390068,0.04281906,0.03995058,0.025191,0.02886771,0.02930979,0.02719995,0.02952235,0.03316862,,
"Mo95",0.02601822,0.03234784,0.03384119,0.02775706,0.03275053,0.02857127,0.01706477,0.01926647,0.02245743,0.02304812,0.02730743,0.02280858,0.02473975,0.008916191,0.01072723,0.01072106,0.01326662,0.01536747,0.0190408,,
"Mo96",0.0008551427,0.0007885305,0.001177397,0.0006813551,0.001100176,0.0009351264,0.0005608769,0.0006637199,0.0007349683,0.0007703298,0.0009659822,0.0005497584,0.0006006404,0.0001555461,0.0002270824,0.0002246719,0.0003214293,0.0003865216,0.0006459867,,
"Mo97",0.03313156,0.03791802,0.03534639,0.04113628,0.03300269,0.02628455,0.02542743,0.02641487,0.03022548,0.02871051,0.03239131,0.03492055,0.03749036,0.01938119,0.02209605,0.02288143,0.02331064,0.02584889,0.02741381,,
"Mo98",0.0356551,0.03248642,0.03767756,0.04557981,0.03290513,0.02374368,0.02883496,0.02973286,0.03337855,0.03557141,0.03481822,0.03822176,0.03807129,0.02134164,0.02441033,0.02495356,0.02521751,0.02720917,0.02951194,,
"Mo99",0.0001703296,0.0003262483,0.0001308544,0.0003468888,0.0001327997,0.0000815768,0.0001377227,0.0001211907,0.0001708554,0.0001597417,0.0001419847,0.0003393501,0.0003892307,0.0003512694,0.000319075,0.0004052134,0.0002227522,0.0002227705,0.0001446214,,
"Nb94",0.00000000001157272,0.0000000002833889,0.0000000001802213,0.000000006661591,0.00000002775371,0.00000000001425124,0.0000000001581829,0.0000000007636277,0.000000003826692,0.00000001638433,0.00000006723153,0.000000001228541,0.000000005256841,0.000000007883395,0.00000003159501,0.0000001135143,0.000000002548099,0.00000001091836,0.00000004157559,,
"Nb95",0.001852432,0.004204066,0.001961551,0.003607108,0.002231991,0.002031016,0.001214402,0.001175884,0.00164708,0.001625762,0.001679396,0.003053911,0.003299799,0.002259392,0.002101013,0.002704134,0.001781113,0.001940825,0.001359315,,
"Nd142",0.0004007714,0.0002421621,0.0004352514,0.0002884339,0.000476486,0.0005128537,0.0003708497,0.0003402416,0.0003336951,0.0003478611,0.0003870181,0.0002572905,0.0002230573,0.0001273755,0.0001939178,0.0001298543,0.0002314559,0.000237673,0.000328866,,
"Nd143",0.0256025,0.02678824,0.03056829,0.02976482,0.03057105,0.03620386,0.02534748,0.02544278,0.02388482,0.024191,0.02402237,0.02334845,0.02572161,0.02244042,0.02340469,0.02209214,0.0229285,0.02329597,0.02160246,,
"Nd144",0.01605305,0.01534982,0.01907372,0.01287588,0.01699081,0.02703421,0.01518745,0.01547013,0.01319344,0.01283196,0.01447292,0.01024811,0.01141707,0.007695583,0.00899011,0.007136174,0.0108943,0.01117834,0.01227484,,
"Nd145",0.02136386,0.02402054,0.02101625,0.02076378,0.01847646,0.02994701,0.01887656,0.01803249,0.01610157,0.0170765,0.01891178,0.0186846,0.01828158,0.02006014,0.0194778,0.01829559,0.01997521,0.01929393,0.01946888,,
"Nd146",0.02114877,0.02193037,0.01804428,0.01656766,0.01523665,0.02399252,0.01775851,0.01668991,0.01436239,0.01568284,0.01758217,0.01705447,0.0169912,0.01810917,0.01772428,0.01629615,0.0173062,0.01622983,0.01876264,,
"Nd147",0.0002842656,0.000384153,0.0001845706,0.0003742587,0.0001839641,0.0003228506,0.000254455,0.0002019987,0.0002182951,0.000208532,0.0001999426,0.0004531166,0.0004356214,0.000909652,0.0007183282,0.0008091085,0.0004534127,0.0004012958,0.0002346554,,
"Nd148",0.01293095,0.009470955,0.009760506,0.007946501,0.007119849,0.01137646,0.01156485,0.01112438,0.009388119,0.009931097,0.009219547,0.01034437,0.01005513,0.01232782,0.01250354,0.01098633,0.01047652,0.01025463,0.01153704,,
"Nd150",0.007433428,0.005186988,0.004069955,0.003508335,0.002738249,0.005402475,0.006925272,0.006882607,0.00577534,0.005859512,0.004686438,0.005566168,0.005679742,0.007735384,0.006754077,0.006168589,0.007127078,0.006749935,0.007464911,,
"Pd104",0.002055399,0.0009491164,0.001245594,0.0003035415,0.0005864826,0.00005703619,0.002099565,0.002276521,0.002327893,0.002313315,0.002509209,0.001652924,0.001233909,0.0006910578,0.0009738985,0.000806828,0.001397809,0.001524143,0.002234744,,
"Pd105",0.00002515848,0.000009036834,0.00001577995,0.000002885347,0.000007240769,0.0000006960346,0.00002568551,0.00002868523,0.00002833238,0.00002836702,0.00003153236,0.00001556505,0.00001164921,0.000004520399,0.000007502523,0.000005291279,0.00001316939,0.00001463904,0.00002727409,,
"Pd106",0.008667636,0.002601871,0.001967421,0.0003216126,0.001460391,0.00023822,0.01971912,0.02153563,0.01669485,0.01404083,0.01061066,0.006384053,0.005874033,0.01123212,0.01317018,0.0117473,0.0169449,0.01718079,0.01602426,,
"Pd107",0.009373939,0.002328944,0.001002982,0.0003979806,0.0008877498,0.0002939197,0.03249744,0.02995344,0.0204484,0.01532944,0.008693436,0.007885594,0.007186261,0.03634291,0.03413311,0.03548594,0.03634312,0.03339843,0.02415595,,
"Pd108",0.004395796,0.001340301,0.0005741088,0.0003584002,0.0006904152,0.0003499978,0.02942857,0.02650244,0.01732562,0.01290815,0.005815196,0.005099942,0.004380467,0.03612639,0.03284976,0.03281998,0.0347128,0.02957784,0.02281927,,
"Pd110",0.0005698354,0.0004098104,0.000207329,0.0002887561,0.0003971882,0.0003511322,0.01013373,0.006902974,0.005308035,0.004256892,0.001336037,0.001228017,0.0009525421,0.0262387,0.01986098,0.01728165,0.01753053,0.01275568,0.009473042,,
"Pm147",0.010116,0.00855546,0.008001937,0.00835247,0.006798775,0.01149708,0.009075454,0.008293979,0.007563858,0.007483921,0.008177927,0.009853235,0.009495672,0.01188156,0.01150888,0.01061112,0.009828644,0.009209853,0.008360716,,
"Pm148",0.0000155711,0.00001306073,0.00001234738,0.00001275154,0.00001050971,0.00001776279,0.00001396985,0.00001278996,0.00001163845,0.00001152159,0.00001261358,0.00001503384,0.00001448921,0.00001785779,0.00001743035,0.00001602047,0.0000149954,0.00001407005,0.00001287407,,
"Pm148m",0.00006783148,0.00005392251,0.00005462283,0.00005266027,0.00004452541,0.00007501394,0.00006086544,0.00005636488,0.00005058269,0.00005023542,0.00005560817,0.00006186018,0.00005964305,0.0000668553,0.00006830013,0.00006090775,0.00006167796,0.00005833248,0.00005614213,,
"Pm149",0.00003654705,0.00004960208,0.00001919148,0.00003656922,0.00001591886,0.00002663877,0.0000345522,0.00002728786,0.0000280977,0.00002789269,0.00002159127,0.00005349869,0.0000508318,0.0001181108,0.00009484137,0.000105495,0.00005981398,0.00005464496,0.00003465341,,
"Pm151",0.000009479973,0.0000161071,0.000004150473,0.000007760164,0.000003608515,0.000005114005,0.00001153879,0.000009079688,0.000009603549,0.000009281391,0.000005977874,0.00001430756,0.00001511186,0.00004174727,0.00002806049,0.0000330428,0.00002122376,0.00001853898,0.0000111746,,
"Pr141",0.03145407,0.02730597,0.03173517,0.03251747,0.03650777,0.03999311,0.02912096,0.02519517,0.02650409,0.02719956,0.02877011,0.02952644,0.02552048,0.02358418,0.02921353,0.02385529,0.02658493,0.02639394,0.02589588,,
"Pr143",0.0006046374,0.001142277,0.0005705263,0.001268515,0.0006916827,0.0008568039,0.0005977923,0.0005066918,0.0005833004,0.0005658605,0.0004808965,0.001027368,0.001127774,0.001830112,0.001494426,0.001793361,0.001012173,0.0009613817,0.0005097635,,
"Rb85",0.004309246,0.00786649,0.006317553,0.009041625,0.01016977,0.02229597,0.00153794,0.001884378,0.002091583,0.002996812,0.003234729,0.003011316,0.00456532,0.001041398,0.001176691,0.001279913,0.001246321,0.001457049,0.003006586,,
"Rb86",0.0000059851,0.00001066416,0.000008842159,0.00001235657,0.00001416252,0.00003065447,0.000002137228,0.000002633122,0.000002913495,0.000004199193,0.000004607769,0.000004084128,0.000006222496,0.000001377989,0.000001631478,0.000001903237,0.000001695714,0.000002007704,0.000004261235,,
"Rb87",0.009689955,0.01417041,0.01587087,0.02074467,0.02743144,0.04120401,0.003647347,0.004529651,0.005434403,0.00622008,0.00874399,0.007963833,0.01097488,0.002704585,0.003236415,0.003508715,0.00332189,0.003917925,0.007442337,,
"Rh103",0.03078966,0.02047959,0.01736514,0.006568559,0.008422047,0.0008376777,0.03146617,0.03216322,0.03527324,0.03452938,0.03559411,0.03629366,0.02701278,0.02446412,0.02807288,0.02845926,0.03070018,0.03236926,0.03359373,,
"Rh105",0.02074738,0.009014412,0.00726955,0.001357782,0.002749535,0.0003605579,0.04056838,0.03981411,0.03133879,0.03004769,0.0254521,0.02185058,0.01730579,0.03609122,0.03735672,0.04010367,0.03763262,0.03817546,0.03007413,,
"Ru100",0.00274746,0.002016932,0.002874229,0.002149388,0.002233757,0.001226783,0.00226029,0.002486296,0.002651655,0.002642904,0.002858977,0.002064108,0.002321323,0.0007438686,0.001042646,0.0008683199,0.001343547,0.001488231,0.00233173,,
"Ru101",0.03514497,0.03542078,0.02924654,0.02540075,0.02094735,0.004646824,0.0323994,0.03444457,0.03529229,0.04005091,0.03808882,0.04463191,0.03628128,0.02608999,0.02934034,0.0301652,0.02859552,0.03109614,0.03417224,,
"Ru102",0.03878991,0.02875017,0.02871985,0.0167533,0.0169116,0.002503738,0.03925396,0.04141665,0.04078908,0.04464288,0.04417979,0.04929274,0.03791676,0.02974182,0.03315036,0.03396155,0.03464721,0.03696912,0.0415342,,
"Ru103",0.002306205,0.002744658,0.001051192,0.000885666,0.0006110597,0.00006438979,0.002353921,0.002050627,0.002722805,0.002562561,0.002278889,0.005013767,0.003719938,0.006287844,0.005625175,0.007280036,0.00424976,0.004197364,0.002515058,,
"Ru104",0.02633219,0.01516125,0.01323415,0.003353994,0.005921694,0.0005359645,0.03986385,0.04193247,0.03994795,0.03921483,0.03476995,0.03267125,0.0260903,0.03403963,0.03678031,0.03988715,0.03652336,0.03776327,0.03470572,,
"Ru106",0.007218732,0.00345314,0.001268348,0.0004092308,0.0008419096,0.0001608866,0.01686051,0.01686583,0.01477093,0.01184972,0.007994472,0.008715347,0.008191065,0.0283484,0.02634514,0.02933948,0.024653,0.02379319,0.0139448,,
"Sb121",0.0001125537,0.0005664635,0.0002666607,0.0002898895,0.0004676385,0.0003722873,0.00007507166,0.00009922677,0.0002003913,0.0003017875,0.0001803105,0.0001157846,0.0002867462,0.0005070483,0.000255167,0.0002281101,0.0002490577,0.0001952313,0.0003863864,,
"Sb123",0.0001083337,0.0006160898,0.0002737462,0.0002727094,0.0005058472,0.0003469189,0.0001449705,0.0002203233,0.0002559181,0.0003765578,0.0002837756,0.000167164,0.0002607162,0.0007290471,0.0004048238,0.000418446,0.0005060845,0.0004468197,0.0005519182,,
"Sb124",0.0000005767936,0.000003140806,0.000001539411,0.000002002295,0.000005167952,0.00000184536,0.0000007763783,0.000001225731,0.000001530155,0.000002886066,0.000003391942,0.0000009102931,0.000001764206,0.000004572544,0.000004830687,0.00001512819,0.000002834223,0.00000348016,0.000005519008,,
"Sb125",0.00008970425,0.0008043769,0.0002904038,0.0002900771,0.000652574,0.0002492387,0.0002403486,0.000396413,0.000373412,0.0005950465,0.000532557,0.000303951,0.0004369407,0.001484719,0.0008609577,0.001094973,0.001114268,0.001031606,0.0008440618,,
"Sb126",0.000001684925,0.00001101734,0.000002100125,0.000003550711,0.000007582358,0.000001386931,0.000003404581,0.00000317723,0.000005154837,0.000005118214,0.000004578748,0.000004486347,0.000006270519,0.00003307164,0.00001777733,0.00002721338,0.0000168139,0.00001446483,0.000006859365,,
"Se76",0.0000001679674,0.0000003775598,0.0000003450369,0.000000697412,0.000001067904,0.0000007650974,0.0000004788398,0.0000005136556,0.0000003258953,0.000000787877,0.0000005689212,0.0000003503755,0.0000006608628,0.0000002000904,0.0000002275325,0.0000001921301,0.0000002774791,0.0000002992768,0.000001145456,,
"Se77",0.00001717927,0.00006761099,0.0000479216,0.0001189988,0.0001388182,0.00006327993,0.00004134529,0.00004378956,0.00003467148,0.00007158156,0.00005220755,0.00005107788,0.00009636248,0.00003450327,0.00003304179,0.0000340988,0.00003259542,0.00003504935,0.00009017322,,
"Se78",0.00004518156,0.000149142,0.0001172394,0.0002563609,0.0003159327,0.0001987041,0.0000796364,0.00008706722,0.00007275539,0.0001416311,0.000106556,0.0001024019,0.0001935612,0.0000599836,0.00005890732,0.00006144132,0.00005967697,0.00006531359,0.0001668425,,
"Se79",0.00010082,0.0002938164,0.0002458536,0.0004916874,0.0006152478,0.0005149915,0.0001350985,0.0001525727,0.0001339689,0.0002465149,0.0001891216,0.0001850256,0.0003500882,0.00009752984,0.00009724678,0.000103358,0.00009930554,0.0001102011,0.0002711685,,
"Se80",0.0002308864,0.0005897599,0.0005387078,0.0009600499,0.001243901,0.001330227,0.0002460163,0.0002906594,0.0002617548,0.0004602948,0.0003584752,0.0003444023,0.0006524244,0.0001619613,0.0001653882,0.0001771005,0.0001723701,0.0001940397,0.0004726251,,
"Se82",0.0009424608,0.001925261,0.001988192,0.002962084,0.003860074,0.0064898,0.0006816287,0.0009009136,0.0008179527,0.001346065,0.001035402,0.0009960944,0.001899106,0.0003980637,0.0004213609,0.000458311,0.0004466729,0.0005129558,0.001176547,,
"Sm147",0.003221166,0.001822648,0.002801623,0.001781371,0.002214509,0.003665706,0.002889767,0.00284536,0.002373815,0.002394195,0.002790914,0.002060765,0.001991961,0.001510793,0.001806021,0.001354198,0.002052831,0.001999835,0.002651869,,
"Sm148",0.001738053,0.0009080466,0.001532918,0.0008876578,0.001192201,0.001966465,0.001559074,0.001552802,0.001278038,0.001292989,0.001522795,0.001023254,0.000989813,0.0006775637,0.0008478019,0.0006143568,0.001019261,0.0009996219,0.001431024,,
"Sm149",0.008067674,0.006539648,0.005207826,0.004820119,0.001797471,0.002929155,0.007644937,0.007014326,0.00602444,0.006213441,0.005524651,0.006858043,0.006534048,0.00882092,0.008769589,0.007911454,0.007648216,0.007420753,0.00766768,,
"Sm150",0.001757107,0.0009800429,0.001230692,0.0007259236,0.002597065,0.004089396,0.00166577,0.00163393,0.001302282,0.001389581,0.001357661,0.001009708,0.0009706706,0.0008475874,0.001095593,0.001020211,0.001133341,0.001166151,0.001792886,,
"Sm151",0.003607029,0.003771247,0.001936981,0.001817657,0.001330316,0.001815013,0.00440866,0.00400353,0.003558513,0.003571285,0.002635553,0.00325966,0.003451321,0.005684479,0.004691278,0.00453721,0.004819115,0.004461638,0.004271429,,
"Sm152",0.004238972,0.003799679,0.002422219,0.001632693,0.001751977,0.002680034,0.005718014,0.00536371,0.004579587,0.004596621,0.003206149,0.003263191,0.003357791,0.005882728,0.005070204,0.004559661,0.005460868,0.005009257,0.006531741,,
"Sm153",0.000008148224,0.00001095511,0.000003068524,0.00000448475,0.000002650602,0.000004782183,0.00001069565,0.0000078091,0.00001099228,0.000008085521,0.00000524528,0.00001104822,0.0000109938,0.00004581321,0.00003249977,0.0000339314,0.00002221353,0.00001842084,0.00001370846,,
"Sm154",0.001355708,0.0008422668,0.0006530057,0.0003612458,0.0003886857,0.0003726946,0.002439926,0.002119015,0.001710294,0.00153667,0.0009767335,0.001058305,0.00108346,0.003205692,0.003010333,0.002278242,0.002556018,0.002169358,0.003058655,,
"Sn114",0.0000001666135,0.0000002338152,0.0000001965874,0.0000001943237,0.0000003376932,0.0000003686112,0.000002011037,0.000001169212,0.0000008233466,0.0000007050451,0.0000002976895,0.0000001652665,0.0000001686291,0.000003914368,0.000002624816,0.000001509246,0.000003253286,0.000002026051,0.000002321287,,
"Sn115",0.000000001873742,0.000000002025896,0.00000000229897,0.000000001683844,0.000000003842773,0.000000004152217,0.00000002260406,0.00000001357468,0.000000009199212,0.000000007945472,0.000000003446268,0.000000001415,0.000000001447616,0.00000002295665,0.00000001822803,0.000000008874468,0.00000002785442,0.00000001771773,0.00000002602759,,
"Sn116",0.00001414014,0.00001919748,0.00001091628,0.00001405557,0.0000238667,0.00002646914,0.00004564398,0.00002919263,0.00002415814,0.00002949504,0.00001279342,0.000006566517,0.00001142856,0.0001208389,0.00007619805,0.00004494296,0.00008635496,0.00005061102,0.00006014736,,
"Sn117",0.00016002,0.0004858909,0.0002289436,0.0003141651,0.000355126,0.0004042728,0.0002318811,0.0001660266,0.0002431771,0.0003297722,0.0001551269,0.0001154454,0.0002997025,0.001835561,0.0008847228,0.0006183336,0.0007253041,0.0004061196,0.0005075117,,
"Sn118",0.0001489571,0.0005239969,0.0002538224,0.0003190841,0.0003673788,0.0004158826,0.0001427486,0.000113341,0.0002243853,0.0003192399,0.000157696,0.0001120758,0.0003170613,0.001200317,0.0005677888,0.0003963548,0.0004676082,0.0002646422,0.0004338093,,
"Sn119",0.0001330315,0.0005377217,0.0002596088,0.0003083238,0.0004395574,0.0003997297,0.00008862322,0.00008170151,0.0002058182,0.000309449,0.0001561492,0.0001078955,0.0003113947,0.0007918325,0.0003661739,0.0002627212,0.0003046206,0.0001819378,0.0003780431,,
"Sn120",0.0001258161,0.0005686543,0.0002767473,0.0003079595,0.0005062002,0.0004032067,0.00007349612,0.00008547376,0.0002063969,0.000312858,0.0001699002,0.0001117987,0.0003089446,0.0005910211,0.0002763552,0.0002143254,0.0002464886,0.000167031,0.0003788732,,
"Sn122",0.0001114599,0.00060461,0.0002811918,0.000292508,0.0004976214,0.0003746728,0.000104211,0.0001488712,0.0002272401,0.0003389693,0.000228732,0.0001380399,0.0002719586,0.0005738694,0.0003131517,0.0003181793,0.0003466824,0.0002976674,0.0004701547,,
"Sn123",0.000001909324,0.00001909999,0.000005935472,0.00001654969,0.00002937943,0.000006260695,0.000002621333,0.00000413266,0.000007455232,0.00001617349,0.00001681917,0.000006084545,0.000013673,0.00003191561,0.00003363872,0.00006765736,0.00001836183,0.00002321472,0.00003043138,,
"Sn124",0.0001193961,0.0007431918,0.000309691,0.0003062052,0.000689803,0.000348223,0.0002232488,0.0003655322,0.0003505181,0.0005279241,0.0004307476,0.0002465965,0.0003448675,0.001125078,0.0006620966,0.0007330759,0.0008545315,0.0007762234,0.0007772564,,
"Sn125",0.000000387011,0.000009553671,0.000002195987,0.000005041674,0.000008088857,0.000001287106,0.000001381875,0.000002538585,0.000003691688,0.00000637063,0.000005938124,0.00000432793,0.000007470711,0.00004147643,0.00002175207,0.00004033413,0.00001651637,0.000017243,0.00001089382,,
"Sn126",0.0005383439,0.001619873,0.0005265313,0.0004608334,0.001832032,0.0003537584,0.0009921846,0.0008700535,0.001173272,0.001141229,0.001191725,0.0005665653,0.0008050594,0.002442613,0.001648046,0.002040955,0.00196702,0.001968382,0.001497805,,
"Sr86",0.00009255043,0.0001149012,0.0001476062,0.0001337914,0.0002257798,0.0004742928,0.00003304859,0.00004325862,0.00004468064,0.00006574703,0.00007721432,0.00004328053,0.00006632024,0.000009108374,0.00001340242,0.00001310725,0.00001798678,0.0000221696,0.00006702584,,
"Sr87",0.0000004526174,0.0000004358344,0.0000007520402,0.0000005308863,0.000001211798,0.000002282883,0.0000001618262,0.0000002193701,0.0000002222359,0.0000003403011,0.0000004672716,0.0000001641072,0.0000002596334,0.00000002880121,0.00000006073348,0.00000009684608,0.00000006971734,0.00000009396587,0.000000384664,,
"Sr88",0.01296067,0.01732294,0.02249279,0.02603483,0.03203605,0.04290459,0.005019695,0.005910245,0.006219555,0.00898226,0.01136517,0.0109045,0.01372658,0.003737814,0.004579457,0.004901648,0.004642813,0.00547151,0.009064118,,
"Sr89",0.001554405,0.003101809,0.001887702,0.004449026,0.003140673,0.003756031,0.0007320792,0.0007020818,0.0008323244,0.0008734604,0.001024168,0.002122635,0.002108468,0.001251869,0.001272784,0.001629005,0.0009353844,0.001039995,0.0009713848,,
"Sr90",0.01996426,0.02531601,0.03368907,0.03548322,0.04075204,0.05020185,0.009590001,0.009193501,0.01198865,0.01241464,0.01768989,0.01854814,0.02072087,0.006747818,0.008312604,0.008641618,0.008479437,0.009951541,0.01339508,,
"Tb159",0.00004481072,0.00001428653,0.00001723992,0.000006395896,0.00001178444,0.0000005715773,0.0002593101,0.00017654,0.0001749464,0.0001560067,0.00005099331,0.00005650215,0.00007011298,0.0005815885,0.0005612063,0.0003324389,0.0003463907,0.0002476203,0.0004203659,,
"Tb160",0.000001627487,0.0000004706611,0.0000006420585,0.0000002110004,0.0000004221752,0.00000001992714,0.000009443262,0.000006553984,0.000006339962,0.000005711947,0.000001924522,0.000001853294,0.000002304888,0.00001660531,0.00001817153,0.00001197029,0.00001139804,0.000008336106,0.000015811,,
"Tc99",0.03484047,0.03809305,0.03351654,0.04047341,0.02839615,0.0166438,0.02820869,0.02920198,0.03386505,0.03297733,0.03406522,0.03843638,0.0442513,0.0223343,0.02546483,0.02587558,0.0251467,0.02681068,0.02962374,,
"Te122",0.000005060852,0.00001774262,0.00001297206,0.000009131296,0.00002184869,0.00001673803,0.000003374999,0.000004747177,0.00000890787,0.0000137087,0.000008883904,0.000003562908,0.000008869029,0.000009699773,0.000005984943,0.000004400375,0.000007652071,0.000006243219,0.00001760383,,
"Te123",0.0000001234908,0.0000003345959,0.0000003290355,0.0000001729049,0.0000005465789,0.0000004061772,0.00000008232001,0.0000001195738,0.0000002161373,0.0000003370348,0.0000002324968,0.00000006641964,0.0000001660156,0.0000001242074,0.00000009142625,0.00000006700082,0.0000001426337,0.0000001193152,0.0000004357717,,
"Te124",0.00000255532,0.000009948179,0.000007613127,0.000007361275,0.00003504553,0.000008192903,0.000003454456,0.000005924402,0.000007397696,0.00001672163,0.00002647786,0.000002930381,0.000006204195,0.000009637465,0.00001397577,0.00003740677,0.000009232229,0.00001330841,0.00003577233,,
"Te125",0.00005643643,0.0004024609,0.0001936441,0.0001455763,0.0004163024,0.0001568611,0.0001511629,0.0002610006,0.000232793,0.0003761614,0.0003496139,0.0001506245,0.000217208,0.0005904043,0.0003747684,0.000437827,0.0005519447,0.0005222422,0.0005299043,,
"Te126",0.00007958684,0.0002901149,0.0001220077,0.00009335597,0.0003728753,0.00006419967,0.000160623,0.0001744455,0.0002350783,0.0002414722,0.0002498924,0.0001150451,0.0001603416,0.0004559958,0.000312823,0.0003767364,0.0004312729,0.0003922282,0.000320109,,
"Te127m",0.00002577845,0.00011761,0.00004599144,0.0000432272,0.00009705272,0.00001477223,0.00006014723,0.00004861284,0.00008205842,0.00009657408,0.00006745861,0.00005415274,0.0001254397,0.0003096306,0.0001984488,0.0002874863,0.0001814023,0.0001724933,0.00007362193,,
"Te128",0.001773205,0.003301158,0.003050367,0.002008604,0.008189611,0.001036874,0.003182832,0.003445041,0.005149339,0.005902055,0.004782005,0.002024745,0.004688873,0.006925707,0.005556564,0.006686349,0.006285749,0.006382744,0.003502688,,
"Te129m",0.00008155863,0.0001997037,0.0001292284,0.0001961344,0.0002548627,0.00006193478,0.0001551482,0.0001941517,0.0002275745,0.0001892368,0.0001859451,0.0001416561,0.0004638857,0.0007744294,0.0005520019,0.0008273467,0.0004232352,0.0004203665,0.000188447,,
"Te130",0.01045437,0.009104694,0.01316625,0.01031246,0.0153553,0.0055198,0.01146377,0.01422581,0.0165259,0.02030463,0.01402948,0.005833422,0.01394296,0.0148849,0.0129114,0.01441196,0.0155788,0.01570328,0.01301142,,
"Te132",0.000151228,0.0002172452,0.0001180458,0.0002997596,0.0001341001,0.00008495089,0.0001381423,0.0001197932,0.0001500835,0.0001574875,0.000126719,0.0004928921,0.0002669789,0.0004223125,0.0002959121,0.0004036185,0.0002549331,0.0002408822,0.000144781,,
"Xe128",0,0,0,0,0,0,0,0,0,0,0,0,0,0,0,0,0,0,0,,
"Xe129",0,0,0,0,0,0,0,0,0,0,0,0,0,0,0,0,0,0,0,,
"Xe130",0,0,0,0,0,0,0,0,0,0,0,0,0,0,0,0,0,0,0,,
"Xe131",0,0,0,0,0,0,0,0,0,0,0,0,0,0,0,0,0,0,0,,
"Xe132",0,0,0,0,0,0,0,0,0,0,0,0,0,0,0,0,0,0,0,,
"Xe133",0,0,0,0,0,0,0,0,0,0,0,0,0,0,0,0,0,0,0,,
"Xe134",0,0,0,0,0,0,0,0,0,0,0,0,0,0,0,0,0,0,0,,
"Xe135",0,0,0,0,0,0,0,0,0,0,0,0,0,0,0,0,0,0,0,,
"Xe136",0,0,0,0,0,0,0,0,0,0,0,0,0,0,0,0,0,0,0,,
"Y89",0.01712723,0.01854465,0.02616146,0.02661226,0.03628556,0.04145087,0.00807372,0.009153167,0.008875865,0.0097217,0.013273,0.01229784,0.01225983,0.003817071,0.005015031,0.004990825,0.005401697,0.006419086,0.01069597,,
"Y90",0.0000003215824,0.0000003468244,0.0000004917185,0.0000004982871,0.0000006863344,0.0000007824513,0.0000001516,0.0000001720068,0.0000001667237,0.0000001828491,0.0000002505049,0.0000002299976,0.0000002295499,0.00000007123794,0.00000009465871,0.00000009731789,0.0000001010953,0.0000001204578,0.0000002017082,,
"Y91",0.00253138,0.006105558,0.002707491,0.006587068,0.003677981,0.00439165,0.001022186,0.0009493838,0.001462952,0.001522737,0.001839502,0.003964332,0.004071464,0.002417987,0.002323619,0.002921527,0.001854892,0.002044073,0.001438486,,
"Zr90",0.000032916,0.00002480576,0.00005400357,0.00003567558,0.00007165292,0.00008013121,0.00001550922,0.00001862155,0.00001688333,0.00001882128,0.00002717794,0.00001617486,0.00001620688,0.000003132503,0.000005126496,0.000004392028,0.000007108355,0.000008763091,0.0000206798,,
"Zr91",0.02348909,0.03085507,0.03143011,0.03330027,0.0357421,0.04079258,0.009490257,0.01039029,0.01314483,0.01427018,0.02000883,0.01942112,0.02001756,0.006255824,0.007760167,0.007594439,0.009058392,0.01065728,0.01333121,,
"Zr92",0.02674614,0.0405858,0.03705673,0.04219558,0.04094098,0.04497537,0.01283973,0.01419385,0.01754868,0.01924841,0.02611746,0.02820842,0.02797576,0.01076205,0.01204644,0.01264259,0.01354754,0.01546585,0.01685212,,
"Zr93",0.01547915,0.01707878,0.01810891,0.01992379,0.02139833,0.01875309,0.008450628,0.009025536,0.01117723,0.01188483,0.01423731,0.01477134,0.01592516,0.006065595,0.006681091,0.00724366,0.007502223,0.008504496,0.00954497,,
"Zr94",0.03145181,0.03266909,0.03931544,0.04114791,0.043344,0.03470822,0.01845237,0.02023973,0.02503725,0.02731221,0.03207786,0.03182772,0.03175125,0.01437574,0.0164966,0.01760741,0.01684576,0.01910204,0.02106048,,
"Zr95",0.003394106,0.008097043,0.003501105,0.00694697,0.004070316,0.003720605,0.002223865,0.002117083,0.00302864,0.002975529,0.003021383,0.005908027,0.006381921,0.004795685,0.00427637,0.005732895,0.00344785,0.003719023,0.002486597,,
"Zr96",0.03699302,0.03204667,0.03820011,0.03881348,0.03585948,0.03338736,0.02516238,0.02599684,0.02899287,0.03056567,0.03337545,0.03303232,0.03399581,0.01802678,0.02071094,0.02136938,0.02125649,0.02405894,0.02560331,,
